date,RV,TPV,MedRV,JV,JV_med
2023-01-02,0.700809,0.378218,0.429621,0.322591,0.271188
2023-01-03,0.498657,0.396949,0.422106,0.101708,0.076551
2023-01-04,1.158849,0.983621,0.951018,0.175227,0.207831
2023-01-05,0.299739,0.241063,0.249091,0.058676,0.050648
2023-01-06,0.867953,0.751040,0.664765,0.116913,0.203188
2023-01-07,0.061158,0.040217,0.043955,0.020941,0.017203
2023-01-08,0.363179,0.319526,0.278875,0.043652,0.084304
2023-01-09,1.146525,1.083827,1.064125,0.062698,0.082399
2023-01-10,0.868944,0.796270,0.799834,0.072674,0.069109
2023-01-11,3.113286,2.914664,2.646801,0.198622,0.466485
2023-01-12,13.029461,12.005980,13.029461,1.023481,0.000000
2023-01-13,8.009532,7.619786,6.820621,0.389746,1.188911
2023-01-14,24.273846,19.668227,21.482202,4.605619,2.791644
2023-01-15,5.125167,5.125167,4.856261,0.000000,0.268906
2023-01-16,9.213924,7.493594,9.213924,1.720330,0.000000
2023-01-17,8.360560,7.803124,8.360560,0.557436,0.000000
2023-01-18,11.141479,10.707569,10.671905,0.433910,0.469574
2023-01-19,2.479311,2.325040,2.305750,0.154271,0.173561
2023-01-20,8.364119,5.974627,5.453643,2.389493,2.910477
2023-01-21,12.537147,10.843122,10.625247,1.694024,1.911899
2023-01-22,5.896628,5.495767,5.689364,0.400861,0.207264
2023-01-23,6.308580,6.308580,6.291151,0.000000,0.017430
2023-01-24,5.071620,4.946927,4.879701,0.124693,0.191919
2023-01-25,10.598638,10.026150,10.055462,0.572487,0.543176
2023-01-26,4.906222,4.803940,4.749549,0.102282,0.156673
2023-01-27,4.843877,3.941339,3.882503,0.902538,0.961373
2023-01-28,0.934618,0.844341,0.845930,0.090277,0.088688
2023-01-29,5.275075,5.275075,5.031813,0.000000,0.243262
2023-01-30,6.803166,6.018102,5.393168,0.785063,1.409998
2023-01-31,3.401281,2.562038,2.827749,0.839243,0.573532
2023-02-01,4.960148,4.960148,4.876792,0.000000,0.083355
2023-02-02,6.291814,5.816822,5.348568,0.474993,0.943247
2023-02-03,4.065660,3.196969,3.083693,0.868691,0.981966
2023-02-04,1.015935,0.832099,0.858771,0.183836,0.157164
2023-02-05,2.499395,2.499395,2.399230,0.000000,0.100165
2023-02-06,2.857361,2.291277,2.203508,0.566083,0.653853
2023-02-07,3.994629,3.994629,3.675512,0.000000,0.319117
2023-02-08,2.277162,2.103201,2.055559,0.173961,0.221604
2023-02-09,6.520200,5.750457,5.456103,0.769743,1.064096
2023-02-10,3.700286,3.002836,3.153360,0.697450,0.546927
2023-02-11,0.851806,0.754654,0.788673,0.097152,0.063133
2023-02-12,1.505720,1.296054,1.258489,0.209666,0.247230
2023-02-13,3.269037,3.175491,3.108702,0.093546,0.160335
2023-02-14,6.158575,4.634113,4.573735,1.524462,1.584840
2023-02-15,7.759531,7.065204,7.175791,0.694328,0.583740
2023-02-16,11.550147,9.352612,9.171626,2.197535,2.378521
2023-02-17,12.320226,12.320226,11.852145,0.000000,0.468081
2023-02-18,2.266233,2.215322,2.145664,0.050910,0.120569
2023-02-19,5.148080,5.020120,5.077404,0.127960,0.070676
2023-02-20,7.025885,6.955085,7.025885,0.070800,0.000000
2023-02-21,6.478242,6.394370,6.348931,0.083872,0.129311
2023-02-22,8.245390,8.156502,7.846380,0.088888,0.399010
2023-02-23,6.817336,6.598588,6.817336,0.218748,0.000000
2023-02-24,6.921872,6.227582,6.431529,0.694290,0.490343
2023-02-25,2.060467,1.879883,1.800544,0.180584,0.259923
2023-02-26,2.578355,2.300755,2.235346,0.277600,0.343008
2023-02-27,4.465555,4.097956,3.985266,0.367598,0.480289
2023-02-28,3.382475,3.045228,2.923390,0.337247,0.459085
2023-03-01,5.269051,4.408599,4.717834,0.860452,0.551217
2023-03-02,2.822875,2.528934,2.635677,0.293941,0.187197
2023-03-03,8.967400,7.410861,6.999294,1.556539,1.968106
2023-03-04,0.881224,0.639400,0.687022,0.241824,0.194202
2023-03-05,2.391934,1.968285,2.134778,0.423649,0.257156
2023-03-06,1.718591,1.151277,1.124895,0.567314,0.593696
2023-03-07,4.033807,2.732410,2.922785,1.301398,1.111023
2023-03-08,3.378362,3.080243,2.881905,0.298119,0.496457
2023-03-09,7.301566,6.355133,6.122252,0.946433,1.179314
2023-03-10,13.161271,11.474957,11.943479,1.686314,1.217792
2023-03-11,8.905310,7.428282,7.315852,1.477027,1.589458
2023-03-12,14.131596,11.745474,11.052174,2.386122,3.079422
2023-03-13,25.573169,21.034062,19.944027,4.539107,5.629142
2023-03-14,37.459845,34.020824,35.874891,3.439021,1.584955
2023-03-15,20.440469,20.440469,19.364735,0.000000,1.075734
2023-03-16,10.459283,9.920679,8.930914,0.538604,1.528369
2023-03-17,20.005367,19.058778,17.861653,0.946589,2.143714
2023-03-18,12.470369,11.844005,11.721518,0.626364,0.748852
2023-03-19,9.420135,9.403520,9.058705,0.016614,0.361429
2023-03-20,14.080500,13.906068,13.473678,0.174431,0.606822
2023-03-21,8.637662,8.408414,8.488948,0.229248,0.148714
2023-03-22,19.330723,17.605121,18.509884,1.725602,0.820839
2023-03-23,12.532291,11.038947,10.330950,1.493344,2.201341
2023-03-24,11.886600,10.031651,9.873262,1.854949,2.013339
2023-03-25,3.219708,2.801481,2.877605,0.418227,0.342103
2023-03-26,3.994875,3.367681,3.253701,0.627194,0.741174
2023-03-27,7.139352,6.775966,7.110220,0.363386,0.029132
2023-03-28,5.734955,5.172569,4.886292,0.562386,0.848663
2023-03-29,6.422617,5.237419,5.530501,1.185199,0.892116
2023-03-30,8.886311,8.000294,8.886311,0.886017,0.000000
2023-03-31,6.009143,4.919875,4.692501,1.089267,1.316641
2023-04-01,2.017162,1.578812,1.501230,0.438349,0.515932
2023-04-02,2.262440,2.107216,2.111254,0.155224,0.151186
2023-04-03,9.009824,7.236721,7.498219,1.773103,1.511605
2023-04-04,4.054084,3.617554,3.669449,0.436530,0.384635
2023-04-05,5.072461,3.919161,3.797944,1.153300,1.274516
2023-04-06,2.747467,2.418207,2.441251,0.329260,0.306216
2023-04-07,1.443612,1.176212,1.319124,0.267400,0.124488
2023-04-08,0.580307,0.358606,0.410114,0.221701,0.170193
2023-04-09,1.766362,1.312373,1.472333,0.453989,0.294029
2023-04-10,4.789462,3.536724,4.110655,1.252738,0.678808
2023-04-11,5.136092,4.059212,4.020231,1.076880,1.115861
2023-04-12,5.076845,3.918752,3.748965,1.158093,1.327880
2023-04-13,2.211587,2.097108,2.065692,0.114478,0.145895
2023-04-14,4.560164,3.990783,4.190269,0.569380,0.369895
2023-04-15,0.897322,0.681731,0.744523,0.215591,0.152799
2023-04-16,1.192402,0.867508,0.868250,0.324894,0.324152
2023-04-17,3.974933,2.321715,2.351817,1.653218,1.623116
2023-04-18,2.886302,2.736438,2.676128,0.149864,0.210174
2023-04-19,8.107404,6.131179,7.529579,1.976225,0.577825
2023-04-20,5.621501,5.310324,5.000619,0.311177,0.620882
2023-04-21,5.487247,4.738393,4.700935,0.748854,0.786312
2023-04-22,1.912222,1.681333,1.601648,0.230889,0.310575
2023-04-23,2.789065,2.440483,2.471872,0.348582,0.317193
2023-04-24,4.912932,4.527534,4.881267,0.385398,0.031666
2023-04-25,3.686015,3.447168,3.555533,0.238847,0.130482
2023-04-26,20.381786,16.888231,20.381786,3.493555,0.000000
2023-04-27,15.101203,12.653360,12.690661,2.447844,2.410543
2023-04-28,4.363168,3.708898,3.611211,0.654270,0.751957
2023-04-29,1.345413,0.950575,0.923823,0.394838,0.421590
2023-04-30,3.957516,3.148657,3.104350,0.808859,0.853166
2023-05-01,7.238373,5.756887,6.700559,1.481486,0.537814
2023-05-02,4.710042,4.426341,4.565293,0.283701,0.144748
2023-05-03,6.823017,6.741144,6.392920,0.081874,0.430097
2023-05-04,3.771461,3.176898,3.408093,0.594562,0.363368
2023-05-05,5.116536,4.158124,4.177139,0.958412,0.939397
2023-05-06,3.948805,3.319351,3.293468,0.629454,0.655337
2023-05-07,2.659720,2.319381,2.246484,0.340339,0.413236
2023-05-08,6.948588,6.130626,6.164075,0.817962,0.784514
2023-05-09,3.128943,2.955200,2.922891,0.173743,0.206051
2023-05-10,14.129781,11.663667,11.513842,2.466114,2.615938
2023-05-11,4.640924,3.848669,4.029413,0.792256,0.611512
2023-05-12,8.025241,6.303613,6.775354,1.721628,1.249887
2023-05-13,2.103075,1.678667,1.788712,0.424407,0.314363
2023-05-14,1.637693,1.399564,1.294481,0.238129,0.343212
2023-05-15,3.200175,2.762092,2.666064,0.438083,0.534111
2023-05-16,2.660608,2.429186,2.471052,0.231422,0.189556
2023-05-17,3.433411,3.027883,3.091584,0.405528,0.341826
2023-05-18,4.400324,4.349337,4.400324,0.050987,0.000000
2023-05-19,2.834280,2.621107,2.449760,0.213173,0.384520
2023-05-20,0.656776,0.529123,0.532342,0.127653,0.124434
2023-05-21,1.489602,1.062247,1.067543,0.427355,0.422059
2023-05-22,2.006081,1.688822,1.769652,0.317259,0.236429
2023-05-23,2.015904,1.780092,1.750371,0.235812,0.265533
2023-05-24,3.585155,3.248973,2.988470,0.336183,0.596685
2023-05-25,3.073174,2.490262,2.741964,0.582912,0.331210
2023-05-26,1.510599,1.137811,1.160295,0.372788,0.350305
2023-05-27,0.794421,0.468239,0.478725,0.326182,0.315697
2023-05-28,3.709789,2.453174,2.410430,1.256615,1.299359
2023-05-29,2.619182,2.179700,2.304641,0.439481,0.314540
2023-05-30,2.423551,2.240444,2.229144,0.183107,0.194406
2023-05-31,3.334225,2.563427,2.433643,0.770798,0.900582
2023-06-01,3.516436,2.841595,2.626809,0.674841,0.889627
2023-06-02,2.846163,2.391636,2.444908,0.454526,0.401255
2023-06-03,0.793341,0.629925,0.558191,0.163416,0.235149
2023-06-04,1.117630,0.782974,0.753358,0.334655,0.364271
2023-06-05,6.961219,6.756906,6.925924,0.204313,0.035295
2023-06-06,6.427199,5.989442,6.206152,0.437757,0.221047
2023-06-07,6.776803,6.060906,6.340544,0.715898,0.436260
2023-06-08,2.633287,2.271585,2.240553,0.361702,0.392734
2023-06-09,1.846683,1.615951,1.579815,0.230732,0.266868
2023-06-10,7.360164,7.031639,6.298651,0.328525,1.061513
2023-06-11,2.164852,1.953658,1.852758,0.211193,0.312093
2023-06-12,2.878303,2.705228,2.775372,0.173076,0.102932
2023-06-13,3.628609,3.142028,3.131434,0.486581,0.497175
2023-06-14,5.610181,5.227665,4.856449,0.382516,0.753731
2023-06-15,3.286840,3.286840,3.109938,0.000000,0.176902
2023-06-16,3.915024,3.143631,2.999513,0.771393,0.915511
2023-06-17,2.696648,1.184618,1.080877,1.512030,1.615772
2023-06-18,1.378432,1.123283,1.119078,0.255149,0.259354
2023-06-19,2.514997,2.172276,2.406096,0.342721,0.108901
2023-06-20,5.674954,5.512089,5.633241,0.162865,0.041713
2023-06-21,11.466819,10.042902,10.364833,1.423916,1.101986
2023-06-22,5.470285,4.686873,4.647858,0.783412,0.822426
2023-06-23,8.610540,7.620321,6.663873,0.990219,1.946666
2023-06-24,2.196412,2.005093,1.961957,0.191319,0.234455
2023-06-25,2.459963,2.087162,2.219501,0.372801,0.240462
2023-06-26,4.216136,3.684851,3.708420,0.531285,0.507717
2023-06-27,3.377845,3.219300,3.154028,0.158545,0.223817
2023-06-28,3.579095,3.148504,3.213260,0.430591,0.365836
2023-06-29,2.630285,2.468928,2.279919,0.161357,0.350366
2023-06-30,14.238245,11.482522,13.311581,2.755723,0.926663
2023-07-01,0.692535,0.532023,0.584208,0.160512,0.108328
2023-07-02,2.072560,1.494718,1.352052,0.577842,0.720508
2023-07-03,2.199024,1.745347,1.709321,0.453677,0.489702
2023-07-04,1.539994,1.345180,1.341777,0.194814,0.198217
2023-07-05,1.525028,1.193781,1.189399,0.331246,0.335629
2023-07-06,5.799452,5.378328,5.567870,0.421124,0.231583
2023-07-07,2.603362,2.049081,2.062000,0.554281,0.541362
2023-07-08,0.541431,0.319133,0.363316,0.222298,0.178116
2023-07-09,0.737316,0.629342,0.585512,0.107975,0.151805
2023-07-10,2.917515,2.094225,2.352097,0.823290,0.565418
2023-07-11,1.518903,1.378562,1.335043,0.140341,0.183860
2023-07-12,2.567870,2.460433,2.178202,0.107438,0.389668
2023-07-13,5.681746,4.712237,4.835870,0.969510,0.845877
2023-07-14,5.264872,5.264872,5.264872,0.000000,0.000000
2023-07-15,0.389759,0.337440,0.369151,0.052319,0.020608
2023-07-16,0.849488,0.661969,0.647603,0.187519,0.201885
2023-07-17,2.487781,2.243606,2.055665,0.244175,0.432116
2023-07-18,2.507639,2.247009,2.334736,0.260630,0.172903
2023-07-19,1.666456,1.586515,1.594438,0.079941,0.072018
2023-07-20,2.240086,1.914234,1.900152,0.325852,0.339934
2023-07-21,0.943499,0.782211,0.774465,0.161288,0.169034
2023-07-22,0.454501,0.297989,0.298314,0.156512,0.156187
2023-07-23,0.836268,0.658115,0.678580,0.178152,0.157688
2023-07-24,5.174084,1.563402,1.581570,3.610682,3.592514
2023-07-25,0.742141,0.603820,0.609160,0.138321,0.132981
2023-07-26,1.774017,1.439544,1.494564,0.334473,0.279453
2023-07-27,0.711343,0.635182,0.630646,0.076160,0.080697
2023-07-28,0.643011,0.543641,0.620188,0.099370,0.022823
2023-07-29,0.139155,0.100891,0.099032,0.038264,0.040123
2023-07-30,0.743348,0.607185,0.538277,0.136163,0.205071
2023-07-31,0.943157,0.718721,0.704812,0.224435,0.238345
2023-08-01,2.859198,2.427280,2.593003,0.431918,0.266194
2023-08-02,2.591038,2.350432,2.052414,0.240606,0.538624
2023-08-03,0.893073,0.804181,0.828225,0.088893,0.064849
2023-08-04,0.823073,0.790918,0.778304,0.032155,0.044770
2023-08-05,0.116545,0.086181,0.093593,0.030365,0.022952
2023-08-06,0.203351,0.175915,0.181414,0.027436,0.021937
2023-08-07,1.216227,0.952714,1.181299,0.263513,0.034929
2023-08-08,1.964915,1.775455,1.729746,0.189460,0.235169
2023-08-09,1.293821,1.265683,1.293821,0.028139,0.000000
2023-08-10,0.694362,0.545455,0.535446,0.148907,0.158915
2023-08-11,0.424079,0.357876,0.344326,0.066203,0.079752
2023-08-12,0.041415,0.020382,0.023341,0.021033,0.018074
2023-08-13,0.101886,0.063095,0.064030,0.038791,0.037857
2023-08-14,0.805424,0.771182,0.744420,0.034242,0.061004
2023-08-15,0.574312,0.469186,0.556916,0.105126,0.017396
2023-08-16,1.207023,1.191452,1.198316,0.015571,0.008707
2023-08-17,30.570791,30.570791,27.641558,0.000000,2.929233
2023-08-18,6.814767,6.692768,6.535123,0.121998,0.279644
2023-08-19,1.299020,1.189746,1.152424,0.109274,0.146596
2023-08-20,0.756626,0.553031,0.558199,0.203595,0.198427
2023-08-21,1.403118,1.318940,1.323264,0.084177,0.079854
2023-08-22,3.418790,2.134935,1.875307,1.283855,1.543483
2023-08-23,3.208586,2.732109,2.908089,0.476477,0.300497
2023-08-24,1.658065,1.457138,1.488817,0.200928,0.169248
2023-08-25,1.960563,1.758389,1.960563,0.202174,0.000000
2023-08-26,0.179644,0.094905,0.082645,0.084739,0.096999
2023-08-27,0.303440,0.205289,0.213290,0.098152,0.090151
2023-08-28,1.305063,1.220481,1.151165,0.084582,0.153897
2023-08-29,12.816487,9.671967,9.310835,3.144519,3.505652
2023-08-30,2.930970,2.536649,2.763885,0.394320,0.167085
2023-08-31,6.282202,4.490457,4.650047,1.791744,1.632154
2023-09-01,3.444444,3.421862,3.444444,0.022582,0.000000
2023-09-02,0.477859,0.342540,0.381078,0.135318,0.096781
2023-09-03,1.026006,0.736132,0.817333,0.289873,0.208672
2023-09-04,1.402134,1.156655,1.156979,0.245479,0.245155
2023-09-05,1.170546,0.972799,1.008614,0.197746,0.161931
2023-09-06,2.241229,2.025889,1.823803,0.215340,0.417425
2023-09-07,2.153785,2.153785,1.923120,0.000000,0.230665
2023-09-08,2.073771,1.760736,1.826796,0.313035,0.246974
2023-09-09,0.206163,0.105971,0.115831,0.100193,0.090332
2023-09-10,0.974810,0.736462,0.723585,0.238349,0.251225
2023-09-11,4.172521,3.485746,3.665132,0.686775,0.507389
2023-09-12,7.129640,6.008176,5.492955,1.121464,1.636685
2023-09-13,3.123748,2.597169,2.602209,0.526579,0.521539
2023-09-14,2.883094,2.540554,2.545890,0.342540,0.337203
2023-09-15,1.450469,1.258278,1.318737,0.192191,0.131731
2023-09-16,0.531917,0.421148,0.463357,0.110770,0.068561
2023-09-17,0.282939,0.218547,0.233566,0.064392,0.049373
2023-09-18,3.309081,3.309081,3.301688,0.000000,0.007393
2023-09-19,3.477968,3.124439,3.203128,0.353529,0.274839
2023-09-20,2.862193,2.815964,2.862193,0.046230,0.000000
2023-09-21,1.821062,1.704461,1.821062,0.116601,0.000000
2023-09-22,0.944446,0.888846,0.913688,0.055599,0.030758
2023-09-23,0.162501,0.084111,0.096046,0.078390,0.066455
2023-09-24,1.566456,0.826120,0.733346,0.740336,0.833110
2023-09-25,1.679937,1.540367,1.553146,0.139570,0.126791
2023-09-26,0.920851,0.810357,0.844417,0.110494,0.076434
2023-09-27,2.210247,2.097387,2.014077,0.112861,0.196170
2023-09-28,3.310656,3.180384,3.135253,0.130272,0.175404
2023-09-29,2.545738,2.367495,2.247604,0.178243,0.298134
2023-09-30,0.331592,0.244897,0.249368,0.086695,0.082224
2023-10-01,7.902168,2.714842,3.359507,5.187325,4.542660
2023-10-02,6.034296,5.069917,5.012571,0.964379,1.021726
2023-10-03,2.387887,2.182066,2.148534,0.205822,0.239353
2023-10-04,2.256001,2.050524,2.061564,0.205477,0.194437
2023-10-05,2.833590,2.759541,2.621519,0.074049,0.212071
2023-10-06,4.321387,3.828022,3.923736,0.493366,0.397651
2023-10-07,0.501785,0.447737,0.457390,0.054048,0.044394
2023-10-08,1.027384,0.855245,0.893462,0.172140,0.133923
2023-10-09,2.451537,2.130732,2.149308,0.320805,0.302229
2023-10-10,1.923028,1.757231,1.807391,0.165797,0.115637
2023-10-11,3.119781,2.744087,2.517470,0.375694,0.602311
2023-10-12,1.509308,1.509308,1.507159,0.000000,0.002149
2023-10-13,1.905169,1.425906,1.461950,0.479264,0.443220
2023-10-14,0.290583,0.201513,0.215570,0.089069,0.075013
2023-10-15,0.714921,0.582839,0.563626,0.132082,0.151295
2023-10-16,27.991325,27.991325,26.829233,0.000000,1.162092
2023-10-17,3.429929,3.055662,3.076558,0.374267,0.353371
2023-10-18,3.589558,2.827355,2.836731,0.762203,0.752827
2023-10-19,3.006162,2.652079,2.729810,0.354083,0.276353
2023-10-20,6.053053,5.951989,5.799402,0.101064,0.253651
2023-10-21,1.920276,1.920276,1.920276,0.000000,0.000000
2023-10-22,2.029172,1.579339,1.595859,0.449833,0.433312
2023-10-23,31.626955,28.447180,31.626955,3.179775,0.000000
2023-10-24,22.882892,22.262210,22.321513,0.620682,0.561379
2023-10-25,8.102823,7.742015,7.936896,0.360809,0.165928
2023-10-26,4.386860,4.223189,4.239953,0.163672,0.146907
2023-10-27,3.874858,3.366034,3.349672,0.508824,0.525186
2023-10-28,1.536650,1.158444,1.006671,0.378206,0.529979
2023-10-29,1.684459,1.353790,1.352903,0.330669,0.331556
2023-10-30,3.050320,2.738048,2.726620,0.312272,0.323701
2023-10-31,2.333726,2.140151,2.139533,0.193575,0.194193
2023-11-01,5.825133,5.825133,5.825133,0.000000,0.000000
2023-11-02,4.245296,3.920228,3.861473,0.325068,0.383823
2023-11-03,3.651674,3.373782,3.550212,0.277892,0.101462
2023-11-04,1.107930,0.885888,0.948226,0.222042,0.159704
2023-11-05,2.456230,1.931856,2.186113,0.524374,0.270118
2023-11-06,1.796895,1.678088,1.636610,0.118807,0.160285
2023-11-07,3.832973,3.515355,3.539195,0.317619,0.293778
2023-11-08,3.651243,3.241865,3.125017,0.409378,0.526226
2023-11-09,15.295153,15.295153,13.421472,0.000000,1.873681
2023-11-10,4.532741,4.326221,4.168895,0.206520,0.363847
2023-11-11,1.744118,1.693254,1.640235,0.050864,0.103882
2023-11-12,1.040367,0.983733,0.999549,0.056634,0.040818
2023-11-13,2.934773,2.934773,2.934773,0.000000,0.000000
2023-11-14,7.355153,5.253556,6.245341,2.101597,1.109812
2023-11-15,10.732445,8.139125,8.010170,2.593321,2.722276
2023-11-16,7.121513,7.121513,7.121513,0.000000,0.000000
2023-11-17,6.719109,5.952427,6.719109,0.766682,0.000000
2023-11-18,1.146554,0.965707,1.012286,0.180847,0.134268
2023-11-19,1.528029,1.262719,1.249292,0.265309,0.278736
2023-11-20,4.915869,4.498812,4.227014,0.417057,0.688855
2023-11-21,7.281317,6.882445,7.030426,0.398872,0.250891
2023-11-22,4.339934,3.955312,4.088523,0.384622,0.251411
2023-11-23,1.897436,1.794989,1.759764,0.102448,0.137673
2023-11-24,4.977165,4.850276,4.539325,0.126889,0.437840
2023-11-25,0.398944,0.292402,0.322519,0.106543,0.076425
2023-11-26,1.184172,1.079194,1.121203,0.104978,0.062969
2023-11-27,2.780294,2.441329,2.503015,0.338965,0.277279
2023-11-28,3.399320,3.110906,2.965230,0.288415,0.434090
2023-11-29,2.759313,2.759313,2.688718,0.000000,0.070595
2023-11-30,1.597508,1.489038,1.450096,0.108470,0.147412
2023-12-01,2.965388,2.868272,2.965388,0.097117,0.000000
2023-12-02,2.391189,1.999821,2.221189,0.391368,0.170000
2023-12-03,1.933735,1.742829,1.741258,0.190906,0.192477
2023-12-04,6.864393,6.311325,6.518170,0.553068,0.346224
2023-12-05,8.826596,8.466886,8.283504,0.359710,0.543092
2023-12-06,5.869519,5.869519,5.869519,0.000000,0.000000
2023-12-07,4.560633,4.560633,4.487664,0.000000,0.072969
2023-12-08,3.248256,3.209861,3.131318,0.038394,0.116937
2023-12-09,1.770288,1.538424,1.585329,0.231864,0.184959
2023-12-10,1.030041,0.963366,0.941799,0.066675,0.088243
2023-12-11,20.672076,18.418160,15.089458,2.253916,5.582618
2023-12-12,5.752115,5.728352,5.752115,0.023762,0.000000
2023-12-13,6.375148,5.708584,6.154890,0.666564,0.220258
2023-12-14,7.400537,6.188784,5.656299,1.211753,1.744238
2023-12-15,3.341642,3.069835,3.058878,0.271807,0.282764
2023-12-16,1.555120,1.408513,1.418609,0.146607,0.136511
2023-12-17,2.823924,2.615450,2.561008,0.208474,0.262916
2023-12-18,5.122151,5.075362,5.122151,0.046789,0.000000
2023-12-19,5.094730,4.849837,4.946139,0.244893,0.148591
2023-12-20,5.675187,5.399092,5.675187,0.276095,0.000000
2023-12-21,4.687550,3.967921,3.926366,0.719630,0.761184
2023-12-22,3.517366,3.353255,3.353864,0.164112,0.163503
2023-12-23,1.129609,0.820544,0.864430,0.309065,0.265180
2023-12-24,3.037923,2.454339,2.366022,0.583584,0.671901
2023-12-25,2.382764,2.202948,2.203580,0.179816,0.179184
2023-12-26,3.981800,3.480903,3.433833,0.500897,0.547967
2023-12-27,3.181742,2.897710,2.882729,0.284032,0.299013
2023-12-28,3.860957,3.770951,3.679469,0.090006,0.181488
2023-12-29,5.166914,4.741631,4.732371,0.425283,0.434543
2023-12-30,2.389229,2.236840,2.276782,0.152389,0.112447
2023-12-31,2.366484,2.206690,2.175794,0.159794,0.190690
2024-01-01,2.332582,2.151616,2.141016,0.180966,0.191566
2024-01-02,7.958564,7.351955,7.431035,0.606609,0.527529
2024-01-03,29.239493,19.188640,25.073862,10.050853,4.165631
2024-01-04,7.992376,7.265255,7.000698,0.727121,0.991678
2024-01-05,19.579900,12.839984,14.652855,6.739916,4.927045
2024-01-06,1.947019,1.826159,1.897326,0.120860,0.049693
2024-01-07,2.553097,2.336889,2.251143,0.216208,0.301954
2024-01-08,11.117940,9.459660,8.827228,1.658280,2.290712
2024-01-09,30.212504,20.676625,27.927292,9.535879,2.285212
2024-01-10,23.732879,22.813240,21.760978,0.919639,1.971901
2024-01-11,14.614617,14.373560,14.514661,0.241057,0.099956
2024-01-12,18.242574,17.516849,18.082086,0.725725,0.160488
2024-01-13,5.467575,5.157726,5.158046,0.309848,0.309529
2024-01-14,3.955740,3.810646,3.904679,0.145094,0.051062
2024-01-15,4.649736,3.960343,4.056248,0.689392,0.593488
2024-01-16,5.450664,5.372355,5.450664,0.078310,0.000000
2024-01-17,3.937876,3.937876,3.937876,0.000000,0.000000
2024-01-18,5.779736,5.779736,5.779736,0.000000,0.000000
2024-01-19,6.555516,6.555516,6.555516,0.000000,0.000000
2024-01-20,1.268594,1.101694,1.078639,0.166900,0.189954
2024-01-21,0.668494,0.487301,0.555599,0.181193,0.112895
2024-01-22,9.372905,9.372905,9.247137,0.000000,0.125768
2024-01-23,8.595465,8.535954,8.064027,0.059510,0.531438
2024-01-24,4.776998,4.555754,4.705011,0.221244,0.071987
2024-01-25,3.197721,2.767391,2.483208,0.430330,0.714513
2024-01-26,5.419499,4.302142,4.570241,1.117357,0.849258
2024-01-27,1.003574,0.828988,0.940831,0.174586,0.062743
2024-01-28,2.390384,2.164512,2.166867,0.225872,0.223516
2024-01-29,3.398596,2.949510,2.960707,0.449086,0.437889
2024-01-30,4.082192,3.746486,3.776787,0.335705,0.305405
2024-01-31,5.748994,5.584976,5.274934,0.164019,0.474060
2024-02-01,4.222521,3.877344,4.019037,0.345177,0.203484
2024-02-02,2.765837,2.358797,2.337918,0.407039,0.427919
2024-02-03,0.648466,0.514721,0.558434,0.133745,0.090031
2024-02-04,1.246999,1.080418,1.020636,0.166581,0.226364
2024-02-05,2.506940,2.396889,2.319653,0.110051,0.187286
2024-02-06,2.366251,1.998902,2.013295,0.367349,0.352956
2024-02-07,2.775110,2.465287,2.410390,0.309823,0.364720
2024-02-08,3.404490,3.300977,3.135551,0.103513,0.268939
2024-02-09,8.167525,7.161251,6.803790,1.006274,1.363735
2024-02-10,1.898885,1.898885,1.898885,0.000000,0.000000
2024-02-11,2.330217,2.093464,2.092617,0.236753,0.237600
2024-02-12,5.404855,4.973056,5.064490,0.431799,0.340365
2024-02-13,6.982330,6.747115,6.143049,0.235214,0.839281
2024-02-14,6.848440,6.595637,6.375574,0.252803,0.472866
2024-02-15,5.948348,5.948348,5.726229,0.000000,0.222119
2024-02-16,3.985594,3.636668,3.438740,0.348927,0.546854
2024-02-17,2.520504,2.415493,2.337324,0.105011,0.183180
2024-02-18,1.927002,1.891974,1.926672,0.035027,0.000330
2024-02-19,2.680053,2.435736,2.408473,0.244317,0.271580
2024-02-20,5.914410,5.832165,5.603436,0.082244,0.310974
2024-02-21,4.801060,4.703283,4.459414,0.097777,0.341646
2024-02-22,4.111627,3.378001,3.275389,0.733625,0.836238
2024-02-23,3.052188,2.657513,2.828947,0.394675,0.223242
2024-02-24,0.967566,0.842305,0.828590,0.125262,0.138976
2024-02-25,1.217000,1.022828,1.118165,0.194172,0.098834
2024-02-26,6.553957,6.152655,6.379733,0.401301,0.174223
2024-02-27,12.059625,12.059625,12.059625,0.000000,0.000000
2024-02-28,39.161951,39.161951,34.351308,0.000000,4.810644
2024-02-29,18.844092,18.590900,18.527120,0.253192,0.316972
2024-03-01,7.861340,7.861340,7.861340,0.000000,0.000000
2024-03-02,2.946688,2.678034,2.673260,0.268655,0.273428
2024-03-03,3.817406,3.691035,3.631745,0.126372,0.185661
2024-03-04,19.191826,18.859137,17.568998,0.332690,1.622828
2024-03-05,49.039001,49.039001,49.039001,0.000000,0.000000
2024-03-06,22.413701,22.413701,22.413701,0.000000,0.000000
2024-03-07,10.247141,10.171366,9.148999,0.075775,1.098142
2024-03-08,16.319873,14.825269,16.319873,1.494603,0.000000
2024-03-09,1.433688,1.139645,1.160721,0.294042,0.272966
2024-03-10,4.539447,3.894005,3.592706,0.645443,0.946741
2024-03-11,10.842783,10.335604,10.007062,0.507178,0.835721
2024-03-12,14.787473,13.884049,13.378679,0.903425,1.408794
2024-03-13,6.485150,6.468786,6.397332,0.016364,0.087818
2024-03-14,15.746873,15.746873,15.746873,0.000000,0.000000
2024-03-15,34.451389,34.451389,34.264868,0.000000,0.186521
2024-03-16,13.303432,13.303432,12.694341,0.000000,0.609091
2024-03-17,10.451622,9.748775,9.858314,0.702847,0.593308
2024-03-18,10.198340,9.880048,9.682604,0.318291,0.515736
2024-03-19,25.821778,24.271203,25.159923,1.550575,0.661856
2024-03-20,26.908985,26.908985,26.908985,0.000000,0.000000
2024-03-21,13.720708,12.365465,12.522082,1.355242,1.198626
2024-03-22,14.591810,13.804958,14.543657,0.786851,0.048152
2024-03-23,6.372360,5.497143,5.216544,0.875217,1.155816
2024-03-24,6.956339,6.362961,6.206059,0.593378,0.750280
2024-03-25,9.660346,9.195540,9.355358,0.464805,0.304988
2024-03-26,8.147342,8.041325,8.147342,0.106016,0.000000
2024-03-27,10.629835,9.825670,9.277071,0.804165,1.352764
2024-03-28,5.627585,4.955320,4.793858,0.672264,0.833727
2024-03-29,2.910260,2.803062,2.740085,0.107199,0.170176
2024-03-30,1.092254,1.002271,1.009168,0.089983,0.083086
2024-03-31,1.765436,1.520101,1.488932,0.245335,0.276504
2024-04-01,5.371585,5.023738,5.371585,0.347847,0.000000
2024-04-02,15.699092,14.294409,14.561481,1.404683,1.137611
2024-04-03,6.929587,6.538981,6.160730,0.390606,0.768857
2024-04-04,6.728593,6.557303,6.096826,0.171290,0.631767
2024-04-05,8.501775,7.591185,7.494223,0.910590,1.007552
2024-04-06,2.444138,2.014509,2.000534,0.429629,0.443604
2024-04-07,3.105926,2.676796,2.716852,0.429130,0.389074
2024-04-08,5.717821,5.447280,5.371760,0.270542,0.346061
2024-04-09,7.844531,7.291758,7.278629,0.552773,0.565902
2024-04-10,8.561976,8.300286,8.428679,0.261690,0.133297
2024-04-11,6.579223,5.941394,5.910433,0.637830,0.668790
2024-04-12,14.959853,12.277774,11.747364,2.682079,3.212489
2024-04-13,33.189878,31.921813,28.498013,1.268065,4.691865
2024-04-14,20.563117,19.379012,19.466342,1.184105,1.096776
2024-04-15,14.096003,13.752568,13.256314,0.343436,0.839690
2024-04-16,16.677424,15.871864,15.199698,0.805560,1.477726
2024-04-17,15.178665,13.762495,13.426366,1.416170,1.752300
2024-04-18,11.983067,10.442799,10.289158,1.540269,1.693909
2024-04-19,23.128737,21.780651,21.759618,1.348086,1.369120
2024-04-20,6.631034,6.631034,6.631034,0.000000,0.000000
2024-04-21,3.908669,3.680087,3.505534,0.228582,0.403135
2024-04-22,5.706316,5.312358,5.291371,0.393958,0.414945
2024-04-23,3.023669,2.875980,2.840726,0.147689,0.182943
2024-04-24,5.773025,5.284258,5.254486,0.488768,0.518540
2024-04-25,6.077642,6.018997,5.656819,0.058645,0.420823
2024-04-26,4.210755,3.711958,3.688798,0.498797,0.521957
2024-04-27,3.934287,3.859997,3.247414,0.074290,0.686873
2024-04-28,2.129664,1.904923,1.865926,0.224741,0.263738
2024-04-29,5.304241,4.318016,4.285437,0.986225,1.018804
2024-04-30,11.685375,11.264246,10.132256,0.421129,1.553119
2024-05-01,19.752157,19.271565,18.916094,0.480592,0.836063
2024-05-02,8.925323,8.925323,8.724765,0.000000,0.200558
2024-05-03,8.631774,7.134387,7.314414,1.497387,1.317360
2024-05-04,5.258484,4.164502,3.849589,1.093982,1.408895
2024-05-05,3.763524,3.413467,3.171089,0.350057,0.592435
2024-05-06,6.593785,5.667412,5.552061,0.926374,1.041725
2024-05-07,5.327061,5.068755,5.063384,0.258306,0.263677
2024-05-08,6.057035,5.442160,5.240180,0.614876,0.816855
2024-05-09,4.212612,3.863995,3.818027,0.348617,0.394585
2024-05-10,6.364791,5.489821,5.789653,0.874970,0.575138
2024-05-11,1.753416,1.596116,1.732580,0.157300,0.020837
2024-05-12,1.557604,1.356655,1.328860,0.200949,0.228743
2024-05-13,5.082388,4.652455,4.734909,0.429933,0.347479
2024-05-14,5.716360,4.887243,4.816886,0.829118,0.899474
2024-05-15,9.099669,7.368062,7.650783,1.731606,1.448885
2024-05-16,4.215674,3.606120,3.694445,0.609554,0.521229
2024-05-17,3.475463,2.886594,3.063132,0.588869,0.412331
2024-05-18,1.329365,1.071405,1.055030,0.257961,0.274336
2024-05-19,1.991647,1.807706,1.748609,0.183941,0.243038
2024-05-20,6.799652,6.769220,6.668664,0.030432,0.130988
2024-05-21,5.843928,5.209519,4.977923,0.634409,0.866005
2024-05-22,4.902282,3.818139,3.917057,1.084144,0.985226
2024-05-23,9.049381,8.191525,7.774294,0.857856,1.275088
2024-05-24,3.461496,3.266909,3.248425,0.194587,0.213071
2024-05-25,0.962138,0.828921,0.884522,0.133218,0.077616
2024-05-26,1.140735,0.890694,0.953262,0.250041,0.187473
2024-05-27,2.903398,2.657643,2.544207,0.245755,0.359191
2024-05-28,5.213730,4.641813,5.029647,0.571916,0.184082
2024-05-29,3.285938,3.285938,3.085164,0.000000,0.200775
2024-05-30,3.714751,3.267848,3.239795,0.446903,0.474956
2024-05-31,3.638585,3.399292,3.454667,0.239293,0.183918
2024-06-01,0.467436,0.374548,0.390008,0.092888,0.077428
2024-06-02,1.347474,1.241422,1.233583,0.106052,0.113891
2024-06-03,3.962298,3.962298,3.938051,0.000000,0.024247
2024-06-04,3.398103,3.034356,3.092575,0.363748,0.305529
2024-06-05,3.477401,3.202520,3.176118,0.274880,0.301283
2024-06-06,2.102077,1.848677,1.902122,0.253401,0.199955
2024-06-07,5.620878,4.389066,4.475681,1.231812,1.145197
2024-06-08,0.411028,0.342802,0.354274,0.068226,0.056754
2024-06-09,0.562458,0.464401,0.460330,0.098058,0.102129
2024-06-10,1.418790,1.185808,1.195152,0.232982,0.223638
2024-06-11,6.725526,5.331587,6.014821,1.393939,0.710705
2024-06-12,8.501610,6.441645,5.764887,2.059965,2.736723
2024-06-13,4.571608,4.286625,4.182566,0.284983,0.389042
2024-06-14,4.836016,4.416543,4.667924,0.419473,0.168092
2024-06-15,0.586346,0.512189,0.489844,0.074157,0.096502
2024-06-16,0.805608,0.581828,0.583649,0.223780,0.221958
2024-06-17,3.899236,3.662545,3.607899,0.236692,0.291338
2024-06-18,8.315919,8.111567,7.543606,0.204352,0.772313
2024-06-19,2.207400,1.909760,1.893940,0.297640,0.313460
2024-06-20,2.866391,2.653059,2.839508,0.213333,0.026883
2024-06-21,3.796286,3.036909,3.036199,0.759377,0.760087
2024-06-22,0.346453,0.275915,0.295878,0.070537,0.050574
2024-06-23,0.709433,0.637569,0.638970,0.071864,0.070464
2024-06-24,10.732565,9.453774,8.590816,1.278791,2.141749
2024-06-25,4.971756,4.477992,4.397647,0.493764,0.574109
2024-06-26,3.002861,2.747408,2.777821,0.255453,0.225041
2024-06-27,2.792756,2.556156,2.511897,0.236600,0.280859
2024-06-28,3.262902,3.148051,3.130642,0.114850,0.132259
2024-06-29,0.781479,0.639065,0.688295,0.142414,0.093184
2024-06-30,2.034230,1.821392,1.701475,0.212838,0.332755
2024-07-01,3.008632,2.811035,2.668528,0.197597,0.340104
2024-07-02,2.186232,1.935104,1.846366,0.251128,0.339867
2024-07-03,4.600436,4.103045,3.914145,0.497391,0.686290
2024-07-04,14.086015,12.540833,11.776250,1.545182,2.309765
2024-07-05,19.713106,19.326301,17.983105,0.386805,1.730001
2024-07-06,3.616301,3.583050,3.478830,0.033252,0.137472
2024-07-07,4.541609,4.162006,4.351411,0.379603,0.190197
2024-07-08,19.318786,19.318786,19.318786,0.000000,0.000000
2024-07-09,7.639311,6.462031,6.797575,1.177280,0.841736
2024-07-10,6.650406,6.432492,5.938847,0.217914,0.711558
2024-07-11,8.447221,7.578618,7.435134,0.868603,1.012087
2024-07-12,5.294211,4.863048,4.824367,0.431163,0.469844
2024-07-13,3.260762,2.788067,2.793613,0.472695,0.467149
2024-07-14,4.442886,3.783713,3.713839,0.659173,0.729047
2024-07-15,7.605880,6.938653,6.815311,0.667227,0.790569
2024-07-16,9.249969,8.449265,8.292426,0.800704,0.957543
2024-07-17,6.151825,5.960692,5.884578,0.191133,0.267248
2024-07-18,4.305720,3.901123,3.999568,0.404598,0.306152
2024-07-19,5.419791,4.718896,4.724537,0.700896,0.695255
2024-07-20,2.615489,1.883114,1.927448,0.732376,0.688042
2024-07-21,4.640659,3.840667,3.792173,0.799992,0.848486
2024-07-22,4.341543,3.602025,3.639662,0.739518,0.701881
2024-07-23,6.325209,5.820429,6.150825,0.504780,0.174384
2024-07-24,4.424175,4.088588,3.898770,0.335587,0.525405
2024-07-25,7.138606,6.572628,6.628247,0.565978,0.510359
2024-07-26,4.106717,3.350997,3.318855,0.755719,0.787862
2024-07-27,11.968452,10.596101,8.873918,1.372351,3.094534
2024-07-28,2.219884,2.015521,2.014474,0.204363,0.205410
2024-07-29,7.105167,6.595046,5.934703,0.510121,1.170464
2024-07-30,5.818785,5.584581,5.618239,0.234204,0.200546
2024-07-31,6.100336,5.788495,5.872373,0.311841,0.227963
2024-08-01,8.248409,7.958281,7.997231,0.290127,0.251178
2024-08-02,14.803778,13.575887,13.030318,1.227891,1.773460
2024-08-03,9.751971,8.259810,8.487398,1.492161,1.264573
2024-08-04,8.880476,8.361061,8.722858,0.519414,0.157618
2024-08-05,115.821868,104.167153,98.765337,11.654715,17.056531
2024-08-06,20.717534,19.006082,18.504540,1.711452,2.212994
2024-08-07,14.925920,14.925920,14.925920,0.000000,0.000000
2024-08-08,21.000578,16.398575,14.475739,4.602002,6.524839
2024-08-09,11.056314,10.697696,10.580281,0.358618,0.476034
2024-08-10,3.092086,3.060304,2.911247,0.031782,0.180838
2024-08-11,6.518737,5.484406,5.696708,1.034331,0.822029
2024-08-12,16.287612,15.412867,15.473701,0.874746,0.813912
2024-08-13,8.401647,7.982189,7.568835,0.419457,0.832812
2024-08-14,8.870812,8.498492,8.572373,0.372319,0.298439
2024-08-15,12.102776,9.960624,10.827527,2.142152,1.275250
2024-08-16,9.630248,8.443537,7.873936,1.186711,1.756312
2024-08-17,1.328955,1.225879,1.229944,0.103076,0.099011
2024-08-18,3.036011,2.673731,2.398809,0.362280,0.637202
2024-08-19,5.614737,5.094122,4.843493,0.520615,0.771244
2024-08-20,6.945727,6.258023,5.781283,0.687704,1.164444
2024-08-21,6.882587,6.266350,6.469925,0.616237,0.412662
2024-08-22,4.747716,4.479441,4.548296,0.268275,0.199420
2024-08-23,8.440700,7.773784,6.956039,0.666916,1.484661
2024-08-24,2.238273,1.844406,1.746870,0.393867,0.491403
2024-08-25,1.975777,1.473704,1.593365,0.502073,0.382412
2024-08-26,4.511930,4.159815,4.042176,0.352115,0.469754
2024-08-27,11.455896,9.605893,10.129424,1.850003,1.326472
2024-08-28,10.011083,9.816483,9.737152,0.194600,0.273931
2024-08-29,5.934583,5.570979,5.225927,0.363604,0.708656
2024-08-30,6.554707,6.554707,6.524430,0.000000,0.030277
2024-08-31,1.012887,0.920111,0.955005,0.092776,0.057882
2024-09-01,6.060535,5.669007,5.895013,0.391529,0.165523
2024-09-02,4.871420,4.343074,4.730595,0.528346,0.140825
2024-09-03,4.127079,4.127079,4.127079,0.000000,0.000000
2024-09-04,9.703320,9.468748,9.364601,0.234572,0.338720
2024-09-05,8.419811,8.419811,8.369263,0.000000,0.050548
2024-09-06,15.966398,14.191493,15.027251,1.774905,0.939146
2024-09-07,2.687804,2.477468,2.477777,0.210336,0.210027
2024-09-08,3.826833,3.154713,3.181795,0.672119,0.645038
2024-09-09,8.174246,7.190467,7.396857,0.983779,0.777389
2024-09-10,5.428915,5.079781,5.263182,0.349134,0.165733
2024-09-11,9.061045,8.114038,8.104202,0.947007,0.956843
2024-09-12,6.900509,6.457072,6.900509,0.443437,0.000000
2024-09-13,4.178706,3.607082,3.450699,0.571624,0.728007
2024-09-14,1.571477,1.197774,1.048207,0.373704,0.523271
2024-09-15,2.109923,1.714304,1.746046,0.395619,0.363876
2024-09-16,5.055747,4.840786,4.986940,0.214960,0.068806
2024-09-17,6.139887,5.479661,5.704254,0.660227,0.435633
2024-09-18,10.011994,9.155527,8.867101,0.856467,1.144893
2024-09-19,6.116320,5.404152,5.531833,0.712168,0.584487
2024-09-20,5.220803,4.977006,4.847879,0.243796,0.372924
2024-09-21,1.040811,0.827820,0.814777,0.212991,0.226033
2024-09-22,2.433092,2.277385,2.300220,0.155707,0.132872
2024-09-23,5.217320,4.808678,4.703999,0.408642,0.513321
2024-09-24,4.057993,3.883247,3.920956,0.174746,0.137037
2024-09-25,2.927310,2.554704,2.473180,0.372606,0.454130
2024-09-26,4.767226,4.342147,4.425112,0.425079,0.342115
2024-09-27,2.815314,2.614178,2.668080,0.201136,0.147234
2024-09-28,0.863197,0.651027,0.705431,0.212170,0.157766
2024-09-29,0.913013,0.833238,0.844509,0.079775,0.068503
2024-09-30,4.307261,3.509777,3.630225,0.797484,0.677036
2024-10-01,8.863871,8.559316,8.819197,0.304555,0.044675
2024-10-02,8.187229,8.187229,7.999019,0.000000,0.188210
2024-10-03,7.472961,7.355559,7.177083,0.117402,0.295878
2024-10-04,4.028554,4.028554,3.977014,0.000000,0.051540
2024-10-05,0.737752,0.601628,0.622399,0.136125,0.115353
2024-10-06,1.202375,1.014301,1.048417,0.188074,0.153958
2024-10-07,5.330889,4.931600,5.213035,0.399290,0.117855
2024-10-08,4.062367,3.763377,3.603610,0.298990,0.458757
2024-10-09,3.502620,3.170483,3.258889,0.332137,0.243731
2024-10-10,4.438291,4.042815,3.880763,0.395476,0.557528
2024-10-11,3.370675,2.925080,3.174923,0.445595,0.195752
2024-10-12,1.401331,1.183681,1.244862,0.217650,0.156469
2024-10-13,1.556973,1.436628,1.409751,0.120345,0.147221
2024-10-14,4.985176,4.814479,4.587993,0.170697,0.397183
2024-10-15,9.543949,9.044522,9.543949,0.499427,0.000000
2024-10-16,6.039915,5.654722,5.823630,0.385193,0.216285
2024-10-17,3.526342,3.221341,3.225230,0.305001,0.301112
2024-10-18,3.295684,3.113406,3.216816,0.182278,0.078868
2024-10-19,0.510248,0.353086,0.420191,0.157162,0.090057
2024-10-20,1.052052,0.845425,1.028732,0.206626,0.023320
2024-10-21,3.210771,3.032237,3.126682,0.178534,0.084089
2024-10-22,3.699011,3.220618,3.351031,0.478392,0.347980
2024-10-23,3.167841,2.796497,2.660077,0.371343,0.507764
2024-10-24,3.106746,2.782237,2.851453,0.324509,0.255293
2024-10-25,6.727397,6.727397,6.727397,0.000000,0.000000
2024-10-26,1.134193,1.088737,1.033160,0.045457,0.101033
2024-10-27,0.960486,0.837087,0.827311,0.123399,0.133174
2024-10-28,3.605445,3.556491,3.503849,0.048954,0.101596
2024-10-29,5.532070,4.852696,4.809942,0.679374,0.722128
2024-10-30,3.882799,3.703242,3.636188,0.179557,0.246611
2024-10-31,4.252026,4.168663,3.728489,0.083363,0.523536
2024-11-01,7.627332,6.999292,7.107064,0.628040,0.520268
2024-11-02,0.994012,0.820892,0.817404,0.173120,0.176608
2024-11-03,4.049375,3.743393,3.697061,0.305982,0.352314
2024-11-04,5.135749,5.045797,5.117942,0.089952,0.017808
2024-11-05,6.234675,5.784256,5.681954,0.450419,0.552721
2024-11-06,19.354121,19.148617,18.776182,0.205505,0.577940
2024-11-07,5.444543,5.444543,5.427721,0.000000,0.016822
2024-11-08,3.959055,3.823083,3.745186,0.135972,0.213869
2024-11-09,1.462118,1.123964,1.026693,0.338154,0.435425
2024-11-10,10.158723,8.554329,8.561102,1.604393,1.597621
2024-11-11,13.728189,12.995350,12.860083,0.732839,0.868107
2024-11-12,22.282966,22.282966,21.752373,0.000000,0.530593
2024-11-13,21.631251,21.631251,20.867537,0.000000,0.763715
2024-11-14,16.264141,16.208263,16.264141,0.055878,0.000000
2024-11-15,11.049297,10.545258,10.292470,0.504039,0.756827
2024-11-16,3.208221,3.208221,3.160149,0.000000,0.048072
2024-11-17,4.438520,4.231753,4.173030,0.206768,0.265491
2024-11-18,10.615175,10.459956,9.984681,0.155219,0.630494
2024-11-19,8.485810,8.242735,7.628293,0.243074,0.857516
2024-11-20,6.903091,6.617914,6.348636,0.285177,0.554455
2024-11-21,8.243308,8.054192,8.183576,0.189116,0.059731
2024-11-22,5.837123,5.837123,5.814916,0.000000,0.022207
2024-11-23,1.775375,1.775375,1.689675,0.000000,0.085700
2024-11-24,3.809837,3.610821,3.541854,0.199016,0.267982
2024-11-25,9.732623,9.732623,9.732623,0.000000,0.000000
2024-11-26,11.158277,10.602010,10.199569,0.556267,0.958708
2024-11-27,5.772253,5.772253,5.595482,0.000000,0.176770
2024-11-28,4.049151,3.752798,3.539222,0.296353,0.509929
2024-11-29,3.251929,3.170391,3.162867,0.081538,0.089061
2024-11-30,1.290268,1.071366,1.030597,0.218902,0.259670
2024-12-01,1.743352,1.510086,1.581935,0.233266,0.161417
2024-12-02,6.240249,5.724949,5.562282,0.515300,0.677967
2024-12-03,5.130506,4.578339,4.474288,0.552167,0.656219
2024-12-04,5.522405,5.023460,5.100488,0.498945,0.421917
2024-12-05,40.152614,32.168985,32.538644,7.983629,7.613970
2024-12-06,8.219682,8.086128,7.853941,0.133554,0.365741
2024-12-07,2.243261,2.024357,2.081625,0.218903,0.161636
2024-12-08,2.180762,1.966597,2.005097,0.214166,0.175666
2024-12-09,12.593744,12.593744,12.593744,0.000000,0.000000
2024-12-10,11.519304,10.606858,10.678422,0.912446,0.840882
2024-12-11,5.652957,5.497874,5.652957,0.155084,0.000000
2024-12-12,6.001833,5.849247,5.819232,0.152585,0.182601
2024-12-13,3.349216,2.996085,3.243968,0.353131,0.105248
2024-12-14,1.953705,1.837841,1.817047,0.115864,0.136658
2024-12-15,2.910359,2.580525,2.604024,0.329834,0.306335
2024-12-16,6.490787,6.337597,6.092580,0.153190,0.398207
2024-12-17,5.342915,5.016064,5.102706,0.326851,0.240208
2024-12-18,11.620322,11.620322,11.380184,0.000000,0.240138
2024-12-19,15.200807,15.200807,15.200807,0.000000,0.000000
2024-12-20,18.157599,17.416258,17.533356,0.741341,0.624243
2024-12-21,4.576479,4.416340,4.383279,0.160139,0.193200
2024-12-22,5.291987,5.111826,4.976380,0.180161,0.315606
2024-12-23,10.934405,10.934405,10.934405,0.000000,0.000000
2024-12-24,5.672251,5.263612,5.267119,0.408639,0.405132
2024-12-25,4.087808,3.814213,3.767957,0.273595,0.319851
2024-12-26,6.471198,5.929322,6.009684,0.541877,0.461514
2024-12-27,6.858508,6.714302,6.421023,0.144206,0.437485
2024-12-28,1.602933,1.455458,1.552621,0.147475,0.050313
2024-12-29,1.920304,1.649742,1.715124,0.270562,0.205179
2024-12-30,6.915046,6.470178,6.078468,0.444868,0.836578
2024-12-31,5.169667,4.619977,4.594298,0.549689,0.575369
2025-01-01,2.104801,1.797464,1.769885,0.307336,0.334915
2025-01-02,4.804393,4.199241,4.260147,0.605153,0.544246
2025-01-03,2.600615,2.600615,2.392545,0.000000,0.208069
2025-01-04,0.956668,0.811678,0.804463,0.144989,0.152204
2025-01-05,1.034967,0.773438,0.774915,0.261529,0.260052
2025-01-06,4.266987,3.775236,3.641866,0.491751,0.625121
2025-01-07,6.577506,6.250580,6.441889,0.326926,0.135617
2025-01-08,8.610223,7.528157,7.715648,1.082066,0.894575
2025-01-09,8.372513,7.763186,7.508729,0.609327,0.863784
2025-01-10,11.939255,9.072662,9.214694,2.866593,2.724561
2025-01-11,1.053577,0.882899,0.867119,0.170679,0.186458
2025-01-12,1.357875,1.249819,1.220320,0.108056,0.137555
2025-01-13,13.847252,13.847252,13.740951,0.000000,0.106301
2025-01-14,6.753759,5.791185,5.406823,0.962574,1.346936
2025-01-15,5.647737,4.450755,4.670472,1.196982,0.977265
2025-01-16,6.324702,5.868073,5.775717,0.456629,0.548985
2025-01-17,5.307298,4.843549,4.959688,0.463749,0.347611
2025-01-18,4.959664,4.277411,4.244313,0.682253,0.715351
2025-01-19,14.957902,14.957902,14.957902,0.000000,0.000000
2025-01-20,53.178552,53.178552,53.178552,0.000000,0.000000
2025-01-21,16.542896,16.542896,16.542896,0.000000,0.000000
2025-01-22,5.717328,5.350882,5.431273,0.366447,0.286055
2025-01-23,27.435654,18.206043,18.051617,9.229611,9.384037
2025-01-24,6.683790,6.178166,5.839875,0.505624,0.843915
2025-01-25,1.594562,1.176810,1.213207,0.417752,0.381355
2025-01-26,2.042560,1.681358,1.914820,0.361202,0.127740
2025-01-27,16.287831,16.287831,16.287831,0.000000,0.000000
2025-01-28,6.708484,6.302186,5.883580,0.406298,0.824904
2025-01-29,7.643077,7.643077,7.518123,0.000000,0.124954
2025-01-30,3.536938,3.254036,3.225322,0.282902,0.311617
2025-01-31,4.012151,3.846433,3.778893,0.165718,0.233258
2025-02-01,2.066473,1.877503,1.906597,0.188970,0.159876
2025-02-02,10.942093,10.942093,10.756345,0.000000,0.185748
2025-02-03,29.752590,29.752590,29.752590,0.000000,0.000000
2025-02-04,13.031485,12.110540,11.763637,0.920945,1.267848
2025-02-05,6.426161,6.426161,6.426161,0.000000,0.000000
2025-02-06,6.309144,6.309144,6.309144,0.000000,0.000000
2025-02-07,7.967682,7.628697,7.211790,0.338985,0.755893
2025-02-08,1.439314,1.240131,1.275997,0.199184,0.163317
2025-02-09,2.587766,2.338779,2.284960,0.248987,0.302806
2025-02-10,4.163930,4.137799,3.925118,0.026131,0.238812
2025-02-11,3.215878,2.901216,3.061847,0.314662,0.154031
2025-02-12,7.668867,6.117592,5.833778,1.551275,1.835089
2025-02-13,3.524576,3.524576,3.524576,0.000000,0.000000
2025-02-14,3.286018,3.267231,3.133156,0.018787,0.152862
2025-02-15,0.684928,0.603304,0.619928,0.081624,0.065000
2025-02-16,0.917761,0.705305,0.737836,0.212456,0.179925
2025-02-17,1.819986,1.738466,1.698771,0.081520,0.121215
2025-02-18,4.069747,3.818720,3.664574,0.251027,0.405173
2025-02-19,2.457263,2.441350,2.300751,0.015913,0.156512
2025-02-20,1.818336,1.680181,1.698955,0.138155,0.119381
2025-02-21,5.264936,5.096616,4.864683,0.168320,0.400253
2025-02-22,0.642150,0.481214,0.521061,0.160936,0.121089
2025-02-23,0.631943,0.506352,0.507304,0.125590,0.124639
2025-02-24,6.033753,6.033753,5.964669,0.000000,0.069084
2025-02-25,21.692916,21.692916,21.692916,0.000000,0.000000
2025-02-26,18.403012,18.403012,17.535089,0.000000,0.867923
2025-02-27,11.103081,11.103081,10.989287,0.000000,0.113793
2025-02-28,28.013799,28.013799,27.328894,0.000000,0.684905
2025-03-01,4.008215,3.895774,3.953563,0.112441,0.054652
2025-03-02,17.800115,17.800115,17.800115,0.000000,0.000000
2025-03-03,26.156612,26.156612,26.156612,0.000000,0.000000
2025-03-04,31.523639,31.523639,30.746430,0.000000,0.777209
2025-03-05,14.852887,14.813595,14.852887,0.039292,0.000000
2025-03-06,14.030696,13.432266,13.051870,0.598430,0.978826
2025-03-07,36.291245,35.935029,32.728950,0.356216,3.562294
2025-03-08,3.648557,3.432837,3.357602,0.215720,0.290955
2025-03-09,9.576481,8.775062,8.746206,0.801419,0.830275
2025-03-10,22.772255,22.772255,22.772255,0.000000,0.000000
2025-03-11,22.139550,21.220489,22.139550,0.919061,0.000000
2025-03-12,10.959859,10.343252,9.971541,0.616607,0.988317
2025-03-13,7.752795,7.752795,7.752795,0.000000,0.000000
2025-03-14,6.225038,5.718334,5.403716,0.506704,0.821321
2025-03-15,1.098382,0.920733,0.961908,0.177649,0.136474
2025-03-16,6.204347,5.280941,4.976222,0.923406,1.228126
2025-03-17,4.957134,4.582861,4.536693,0.374274,0.420442
2025-03-18,4.674890,4.674890,4.606045,0.000000,0.068845
2025-03-19,6.218865,5.847339,5.997484,0.371526,0.221381
2025-03-20,5.023705,5.023705,4.902197,0.000000,0.121508
2025-03-21,2.881861,2.680294,2.721861,0.201567,0.159999
2025-03-22,0.476916,0.310589,0.345953,0.166327,0.130963
2025-03-23,1.076903,0.873927,0.928599,0.202976,0.148303
2025-03-24,3.623272,3.514146,3.457213,0.109126,0.166058
2025-03-25,3.558087,3.382583,3.342576,0.175504,0.215512
2025-03-26,3.205441,3.069352,3.153868,0.136089,0.051573
2025-03-27,2.797849,2.417471,2.602000,0.380378,0.195849
2025-03-28,3.651447,3.651447,3.591455,0.000000,0.059993
2025-03-29,2.738638,2.738638,2.738638,0.000000,0.000000
2025-03-30,2.624362,2.479744,2.362340,0.144617,0.262022
2025-03-31,6.781180,6.339640,6.415233,0.441540,0.365947
2025-04-01,4.446503,4.304060,4.350655,0.142443,0.095848
2025-04-02,13.765284,11.663128,13.243893,2.102156,0.521391
2025-04-03,7.252727,7.149086,6.709514,0.103640,0.543213
2025-04-04,11.055695,11.055695,11.055695,0.000000,0.000000
2025-04-05,1.717481,1.449893,1.400505,0.267587,0.316976
2025-04-06,11.198560,11.198560,11.198560,0.000000,0.000000
2025-04-07,37.957417,37.411085,37.356228,0.546331,0.601189
2025-04-08,11.765141,10.663882,10.663484,1.101259,1.101657
2025-04-09,25.133751,25.049016,24.466911,0.084734,0.666839
2025-04-10,9.554119,9.554119,9.514023,0.000000,0.040096
2025-04-11,8.057812,7.646839,7.260286,0.410972,0.797526
2025-04-12,3.486341,3.141788,3.123840,0.344553,0.362502
2025-04-13,6.506259,5.818476,5.788252,0.687784,0.718007
2025-04-14,6.886417,5.961730,5.759051,0.924687,1.127366
2025-04-15,3.913539,3.462591,3.331925,0.450949,0.581614
2025-04-16,4.861408,4.470518,4.722335,0.390891,0.139074
2025-04-17,2.395367,2.059849,2.012880,0.335518,0.382486
2025-04-18,0.636023,0.494350,0.540160,0.141673,0.095863
2025-04-19,0.755929,0.644041,0.628117,0.111888,0.127812
2025-04-20,0.964817,0.679915,0.681326,0.284902,0.283491
2025-04-21,4.828183,4.175708,3.943301,0.652476,0.884883
2025-04-22,9.088639,6.955365,7.179796,2.133274,1.908843
2025-04-23,6.184343,6.065818,5.546203,0.118525,0.638140
2025-04-24,3.017999,2.715907,2.739603,0.302092,0.278396
2025-04-25,3.685549,3.534476,3.480811,0.151072,0.204738
2025-04-26,1.250761,0.972978,0.948811,0.277783,0.301950
2025-04-27,1.486410,1.164641,1.231994,0.321769,0.254416
2025-04-28,2.911379,2.663100,2.666249,0.248279,0.245129
2025-04-29,2.668384,2.367961,2.427794,0.300423,0.240590
2025-04-30,2.845911,2.418308,2.567759,0.427603,0.278152
2025-05-01,2.354561,2.134031,2.151354,0.220531,0.203207
2025-05-02,2.087898,1.614186,1.682766,0.473712,0.405132
2025-05-03,0.611930,0.463072,0.499880,0.148858,0.112050
2025-05-04,1.268267,0.994134,1.091867,0.274132,0.176400
2025-05-05,2.265644,1.882422,2.044953,0.383222,0.220690
2025-05-06,2.349816,2.060229,2.001981,0.289587,0.347834
2025-05-07,2.700631,2.201817,2.348483,0.498813,0.352148
2025-05-08,5.490676,4.775566,4.566668,0.715110,0.924008
2025-05-09,3.701749,3.455996,3.534800,0.245753,0.166949
2025-05-10,1.809554,1.680711,1.535292,0.128843,0.274262
2025-05-11,3.022184,2.467281,2.515569,0.554903,0.506615
2025-05-12,6.011393,5.205152,5.493776,0.806240,0.517617
2025-05-13,3.412510,3.098103,2.986220,0.314407,0.426290
2025-05-14,2.262621,1.841398,1.770344,0.421223,0.492277
2025-05-15,3.472876,3.037802,3.058443,0.435074,0.414434
2025-05-16,1.988556,1.631569,1.627643,0.356988,0.360914
2025-05-17,1.184370,0.960703,0.960864,0.223668,0.223507
2025-05-18,3.085310,2.345094,2.365415,0.740216,0.719895
2025-05-19,4.832483,4.050713,3.903676,0.781770,0.928806
2025-05-20,3.887391,3.458101,3.583808,0.429290,0.303583
2025-05-21,7.898601,6.805908,6.881592,1.092693,1.017009
2025-05-22,5.321688,4.841719,4.763636,0.479968,0.558051
2025-05-23,6.695475,5.633987,6.279374,1.061488,0.416101
2025-05-24,2.580495,2.142101,2.265214,0.438394,0.315282
2025-05-25,3.061594,2.724015,2.748632,0.337578,0.312961
2025-05-26,2.350439,2.207196,2.176376,0.143242,0.174063
2025-05-27,4.243958,3.679406,3.762129,0.564552,0.481829
2025-05-28,2.330989,1.977857,1.959051,0.353132,0.371939
2025-05-29,3.976341,3.361509,3.374039,0.614833,0.602302
2025-05-30,4.469160,4.327006,4.100847,0.142154,0.368314
2025-05-31,1.899173,1.538342,1.499071,0.360832,0.400102
2025-06-01,1.339746,1.095311,1.091234,0.244435,0.248511
2025-06-02,2.218459,2.028808,2.063101,0.189651,0.155357
2025-06-03,1.817985,1.529140,1.576446,0.288846,0.241539
2025-06-04,1.322368,1.064523,1.097869,0.257845,0.224499
2025-06-05,4.812388,4.568992,4.151620,0.243396,0.660768
2025-06-06,2.081904,1.632145,1.643413,0.449759,0.438491
2025-06-07,0.873944,0.666966,0.653344,0.206978,0.220600
2025-06-08,0.692630,0.495079,0.544472,0.197551,0.148158
2025-06-09,2.630235,2.276117,2.216201,0.354118,0.414034
2025-06-10,2.352953,2.106618,2.091101,0.246335,0.261852
2025-06-11,2.202506,1.858380,1.789413,0.344126,0.413093
2025-06-12,2.979113,2.498148,2.405322,0.480966,0.573792
2025-06-13,6.098249,5.237456,5.169745,0.860793,0.928504
2025-06-14,1.094756,0.937351,0.943414,0.157405,0.151343
2025-06-15,1.136863,0.830690,0.827679,0.306172,0.309183
2025-06-16,2.963722,2.527137,2.689786,0.436585,0.273936
2025-06-17,3.500955,3.121620,3.013358,0.379335,0.487597
2025-06-18,3.828922,3.507620,3.451479,0.321302,0.377443
2025-06-19,1.279400,1.055887,1.053254,0.223513,0.226146
2025-06-20,2.862890,2.305946,2.670538,0.556944,0.192352
2025-06-21,3.054534,2.421349,2.122344,0.633184,0.932190
2025-06-22,7.316029,6.719949,7.157439,0.596080,0.158590
2025-06-23,6.105810,5.852513,5.671777,0.253297,0.434033
2025-06-24,2.791545,2.515466,2.419688,0.276078,0.371857
2025-06-25,2.304076,2.011978,1.884717,0.292098,0.419358
2025-06-26,2.019331,1.623218,1.613530,0.396113,0.405801
2025-06-27,1.675750,1.374762,1.323559,0.300988,0.352191
2025-06-28,0.198498,0.111111,0.121747,0.087387,0.076750
2025-06-29,0.652648,0.446786,0.445308,0.205862,0.207339
2025-06-30,1.323162,1.035990,1.089094,0.287172,0.234068
2025-07-01,1.558274,1.336638,1.342124,0.221636,0.216150
2025-07-02,1.814020,1.448216,1.393344,0.365804,0.420676
2025-07-03,1.973018,1.706140,1.766410,0.266878,0.206608
2025-07-04,1.124373,0.977929,0.955758,0.146443,0.168614
2025-07-05,0.285806,0.179498,0.191181,0.106308,0.094625
2025-07-06,1.074166,0.655308,0.797010,0.418858,0.277156
2025-07-07,1.405948,1.117610,1.081431,0.288337,0.324516
2025-07-08,1.154311,0.861546,0.943614,0.292765,0.210697
2025-07-09,1.985688,1.507971,1.703022,0.477717,0.282666
2025-07-10,5.061591,4.502459,4.576937,0.559132,0.484654
2025-07-11,3.527455,3.178964,3.204753,0.348491,0.322702
2025-07-12,0.871609,0.654279,0.689526,0.217330,0.182083
2025-07-13,1.233892,1.002747,1.087379,0.231145,0.146512
2025-07-14,3.967898,3.510467,3.430798,0.457432,0.537101
2025-07-15,5.889941,4.960354,5.313987,0.929587,0.575955
2025-07-16,3.247337,2.803294,3.028626,0.444043,0.218711
2025-07-17,3.731443,3.426099,3.516406,0.305344,0.215038
2025-07-18,3.460248,3.250471,3.176020,0.209778,0.284228
2025-07-19,0.898399,0.855933,0.857377,0.042466,0.041022
2025-07-20,1.901531,1.685052,1.642197,0.216479,0.259334
2025-07-21,2.915972,2.708779,2.679836,0.207194,0.236137
2025-07-22,4.517715,3.942952,4.176787,0.574762,0.340927
2025-07-23,2.837247,2.591474,2.564034,0.245773,0.273213
2025-07-24,2.804877,2.667596,2.540032,0.137280,0.264845
2025-07-25,4.733836,4.163002,4.466933,0.570834,0.266903
2025-07-26,0.546020,0.452461,0.491544,0.093559,0.054475
2025-07-27,1.005769,0.824933,0.844252,0.180836,0.161517
2025-07-28,2.301453,2.160140,2.201420,0.141313,0.100032
2025-07-29,2.466096,2.198249,2.233773,0.267847,0.232322
2025-07-30,2.505758,2.315736,2.432456,0.190022,0.073301
2025-07-31,2.317954,2.158650,2.241169,0.159304,0.076785
2025-08-01,6.637494,5.966495,6.011526,0.670999,0.625968
2025-08-02,2.078493,1.863589,1.835550,0.214904,0.242943
2025-08-03,1.195226,1.027606,1.118778,0.167620,0.076448
2025-08-04,1.789787,1.670558,1.583747,0.119229,0.206040
2025-08-05,2.656882,2.555098,2.556598,0.101784,0.100284
2025-08-06,1.982769,1.982769,1.982769,0.000000,0.000000
2025-08-07,2.005697,1.756233,1.787027,0.249465,0.218670
2025-08-08,1.420014,1.352127,1.420014,0.067887,0.000000
2025-08-09,0.799924,0.691688,0.720592,0.108236,0.079332
2025-08-10,1.666727,1.589785,1.613015,0.076943,0.053712
2025-08-11,3.970520,3.499214,3.739299,0.471305,0.231220
2025-08-12,2.923245,2.826344,2.703770,0.096900,0.219475
2025-08-13,3.770777,3.749870,3.770777,0.020906,0.000000
2025-08-14,6.826465,5.641568,5.503796,1.184897,1.322668
2025-08-15,2.825505,2.559469,2.631398,0.266036,0.194107
2025-08-16,0.672857,0.597561,0.612786,0.075296,0.060072
2025-08-17,0.693705,0.610178,0.647055,0.083527,0.046650
2025-08-18,2.583742,2.359253,2.272242,0.224489,0.311500
2025-08-19,3.181352,2.965434,2.931557,0.215918,0.249795
2025-08-20,2.958278,2.958278,2.945091,0.000000,0.013186
2025-08-21,2.272398,2.122292,2.162071,0.150106,0.110327
2025-08-22,4.498263,3.685981,3.579421,0.812282,0.918843
2025-08-23,0.745445,0.673080,0.676513,0.072365,0.068933
2025-08-24,6.166112,6.166112,6.166112,0.000000,0.000000
2025-08-25,5.037623,4.948040,4.896409,0.089583,0.141215
2025-08-26,4.464892,4.460154,4.411080,0.004738,0.053812
2025-08-27,4.376181,3.717432,3.988977,0.658749,0.387204
2025-08-28,2.271354,2.188230,2.185614,0.083125,0.085740
2025-08-29,4.952107,3.874883,3.965337,1.077224,0.986770
2025-08-30,0.803527,0.678428,0.647237,0.125099,0.156290
2025-08-31,0.894536,0.812144,0.852412,0.082393,0.042125
2025-09-01,2.981176,2.804361,2.688094,0.176815,0.293082
2025-09-02,3.766309,3.615051,3.537897,0.151257,0.228411
2025-09-03,2.043196,1.902694,1.885223,0.140502,0.157973
2025-09-04,1.989044,1.782810,1.944029,0.206235,0.045015
2025-09-05,4.263542,3.935736,4.096136,0.327807,0.167406
2025-09-06,0.363050,0.289131,0.323640,0.073919,0.039409
2025-09-07,0.448031,0.349559,0.374615,0.098472,0.073416
2025-09-08,1.381196,1.095417,1.168415,0.285780,0.212781
2025-09-09,1.686552,1.616066,1.686552,0.070486,0.000000
2025-09-10,2.049604,1.537325,1.576878,0.512279,0.472726
2025-09-11,1.665678,1.562876,1.548007,0.102802,0.117672
2025-09-12,1.293664,1.156566,1.200941,0.137098,0.092722
2025-09-13,0.441117,0.340291,0.352570,0.100826,0.088547
2025-09-14,0.570370,0.446196,0.450721,0.124174,0.119649
2025-09-15,1.564014,1.437246,1.479439,0.126767,0.084575
2025-09-16,1.323539,1.251000,1.172712,0.072539,0.150828
2025-09-17,2.554961,2.387349,2.554961,0.167613,0.000000
2025-09-18,1.319104,1.139487,1.141285,0.179616,0.177818
2025-09-19,0.776629,0.708336,0.685338,0.068293,0.091291
2025-09-20,0.147707,0.087192,0.099277,0.060515,0.048430
2025-09-21,0.235180,0.171620,0.187384,0.063560,0.047796
2025-09-22,3.591758,3.166258,2.736298,0.425500,0.855459
2025-09-23,1.430320,1.299707,1.273653,0.130613,0.156667
2025-09-24,1.553098,1.306859,1.449010,0.246239,0.104088
2025-09-25,3.648040,3.255110,3.423670,0.392930,0.224370
2025-09-26,2.324768,2.189489,2.166960,0.135279,0.157808
2025-09-27,0.297333,0.258328,0.260582,0.039005,0.036751
2025-09-28,0.769038,0.649798,0.672440,0.119239,0.096598
2025-09-29,1.385429,1.286670,1.197270,0.098759,0.188160
2025-09-30,1.634956,1.527315,1.498172,0.107641,0.136784
2025-10-01,1.830497,1.758093,1.749540,0.072403,0.080957
2025-10-02,1.997114,1.903635,1.912323,0.093480,0.084792
2025-10-03,3.050292,2.909326,2.852110,0.140966,0.198182
2025-10-04,0.601613,0.503429,0.511466,0.098184,0.090147
2025-10-05,2.942329,2.599694,2.329912,0.342635,0.612417
2025-10-06,2.599811,2.571054,2.539238,0.028757,0.060573
2025-10-07,2.964647,2.845555,2.964647,0.119091,0.000000
2025-10-08,2.727572,2.727572,2.727572,0.000000,0.000000
2025-10-09,2.821585,2.639768,2.517317,0.181818,0.304268
2025-10-10,42.933877,42.933877,37.234180,0.000000,5.699697
2025-10-11,6.758236,6.548930,6.656358,0.209306,0.101878
2025-10-12,8.798335,7.649312,7.230459,1.149022,1.567875
2025-10-13,5.021941,4.476127,4.896649,0.545814,0.125292
2025-10-14,7.074410,6.827106,6.782202,0.247304,0.292208
2025-10-15,5.595356,5.171900,5.326280,0.423456,0.269076
2025-10-16,8.277147,7.047895,6.336671,1.229252,1.940476
2025-10-17,8.344047,7.876183,7.939022,0.467864,0.405025
2025-10-18,1.532162,1.298365,1.328131,0.233796,0.204031
2025-10-19,3.200701,2.262696,2.411087,0.938005,0.789615
2025-10-20,3.808646,3.242046,3.140803,0.566600,0.667843
2025-10-21,8.996028,7.357811,7.425897,1.638218,1.570132
2025-10-22,7.284538,6.039080,6.057128,1.245458,1.227410
2025-10-23,3.828608,3.417648,3.318977,0.410961,0.509632
2025-10-24,3.131561,2.226206,2.201414,0.905355,0.930147
2025-10-25,0.622725,0.541740,0.531752,0.080985,0.090973
2025-10-26,3.382610,2.488835,2.148080,0.893775,1.234529
2025-10-27,2.244688,2.151826,2.113057,0.092862,0.131631
2025-10-28,3.433762,2.886250,2.951969,0.547511,0.481793
2025-10-29,6.038225,5.089935,4.403319,0.948290,1.634906
2025-10-30,6.652452,6.488868,6.335543,0.163584,0.316909
2025-10-31,5.102817,4.284927,4.163003,0.817890,0.939814
2025-11-01,0.861985,0.678698,0.731571,0.183287,0.130414
2025-11-02,1.355182,1.274640,1.226922,0.080542,0.128261
2025-11-03,7.026804,6.888300,6.811906,0.138504,0.214898
2025-11-04,13.992376,13.716174,13.034673,0.276202,0.957703
2025-11-05,7.821686,6.972908,7.284440,0.848778,0.537246
2025-11-06,6.956077,6.563690,6.292500,0.392387,0.663577
2025-11-07,7.408150,7.408150,7.353747,0.000000,0.054403
2025-11-08,2.228441,2.066423,2.151127,0.162018,0.077315
2025-11-09,3.179680,2.979914,2.857979,0.199766,0.321701
2025-11-10,4.085709,3.829963,3.778108,0.255745,0.307601
2025-11-11,4.375968,3.834606,4.319518,0.541362,0.056449
2025-11-12,4.511428,4.361386,4.511428,0.150042,0.000000
2025-11-13,10.696688,10.135846,10.515080,0.560843,0.181608
2025-11-14,15.937043,15.937043,15.937043,0.000000,0.000000
2025-11-15,3.862654,3.316191,3.207461,0.546463,0.655193
2025-11-16,6.204058,5.492754,5.287066,0.711303,0.916991
2025-11-17,9.481436,8.800070,8.614655,0.681366,0.866781
2025-11-18,9.987883,9.398714,9.352922,0.589169,0.634961
2025-11-19,8.089862,7.355519,7.662292,0.734343,0.427570
2025-11-20,11.399656,10.909444,10.791778,0.490211,0.607878
2025-11-21,26.955820,24.729342,24.858222,2.226478,2.097598
2025-11-22,5.007369,4.536665,4.745501,0.470704,0.261868
2025-11-23,4.934256,4.548254,4.503763,0.386002,0.430493
2025-11-24,8.086859,7.818126,7.271524,0.268733,0.815335
2025-11-25,5.101863,4.541437,4.652245,0.560427,0.449618
2025-11-26,4.937809,4.687731,4.713753,0.250078,0.224056
2025-11-27,2.747838,2.592859,2.440300,0.154979,0.307539
2025-11-28,3.764954,3.222832,3.119326,0.542122,0.645628
2025-11-29,1.280391,1.097941,1.070990,0.182450,0.209400
2025-11-30,1.477565,1.112028,1.093986,0.365537,0.383580
2025-12-01,10.342668,9.413840,9.801130,0.928828,0.541539
2025-12-02,7.152514,6.439917,6.022484,0.712597,1.130030
2025-12-03,8.244701,8.227035,7.614977,0.017666,0.629724
2025-12-04,5.805021,5.115886,5.275525,0.689135,0.529496
2025-12-05,5.740913,5.080324,5.581697,0.660589,0.159216
2025-12-06,1.715073,1.278538,1.332091,0.436535,0.382982
2025-12-07,5.410766,5.005237,5.308628,0.405529,0.102138
2025-12-08,5.732815,5.341306,5.502844,0.391509,0.229971
2025-12-09,6.860258,6.293852,6.268676,0.566406,0.591583
2025-12-10,8.314134,7.566884,7.308347,0.747250,1.005787
2025-12-11,7.395015,6.872087,6.892236,0.522928,0.502779
2025-12-12,4.990514,4.569773,4.670913,0.420741,0.319601
2025-12-13,0.655367,0.453203,0.511341,0.202164,0.144027
2025-12-14,2.935008,2.585178,2.696529,0.349830,0.238479
2025-12-15,7.116692,6.997947,6.748643,0.118745,0.368049
2025-12-16,6.589348,6.176176,6.355190,0.413172,0.234158
2025-12-17,9.380583,8.400290,8.244283,0.980292,1.136299
2025-12-18,9.499843,8.486942,8.529070,1.012901,0.970773
2025-12-19,8.985656,8.985656,8.890616,0.000000,0.095040
2025-12-20,0.733798,0.479886,0.525014,0.253912,0.208784
2025-12-21,1.854049,1.454890,1.432596,0.399159,0.421453
2025-12-22,5.792166,5.132423,4.852263,0.659743,0.939903
2025-12-23,4.597902,4.207257,4.152097,0.390645,0.445804
2025-12-24,2.851940,2.382908,2.267904,0.469032,0.584035
2025-12-25,1.432742,1.080820,1.106510,0.351922,0.326231
2025-12-26,4.083511,3.667358,3.727851,0.416153,0.355660
2025-12-27,0.439995,0.286228,0.274691,0.153767,0.165303
2025-12-28,0.548255,0.367333,0.430774,0.180922,0.117480
2025-12-29,4.150760,3.974307,3.825342,0.176453,0.325418
2025-12-30,2.809871,2.561838,2.384214,0.248034,0.425657
2025-12-31,1.697641,1.433985,1.404851,0.263656,0.292790
2026-01-01,0.683903,0.506335,0.531075,0.177568,0.152827
2026-01-02,4.626853,3.852954,4.295017,0.773899,0.331836
2026-01-03,0.916749,0.774955,0.783299,0.141794,0.133450
2026-01-04,1.623479,1.330911,1.340447,0.292568,0.283032
2026-01-05,3.950403,3.580622,3.562926,0.369782,0.387478
2026-01-06,4.464001,4.153878,4.186641,0.310123,0.277360
2026-01-07,3.649679,3.350960,3.368710,0.298719,0.280969
2026-01-08,3.743658,3.518281,3.365408,0.225378,0.378250
2026-01-09,4.396826,3.999336,3.953522,0.397490,0.443304
2026-01-10,0.241606,0.169477,0.183373,0.072128,0.058233
2026-01-11,0.802395,0.606364,0.608990,0.196031,0.193404
2026-01-12,3.850349,3.599489,3.727240,0.250860,0.123109
2026-01-13,6.379602,5.108728,5.249527,1.270873,1.130075
2026-01-14,4.476319,4.143382,4.274087,0.332936,0.202232
2026-01-15,4.155423,3.510290,3.789896,0.645134,0.365528
2026-01-16,2.266201,1.952856,2.000671,0.313345,0.265530
2026-01-17,0.431236,0.264847,0.281311,0.166388,0.149925
2026-01-18,1.043895,0.777528,0.957055,0.266367,0.086840
2026-01-19,3.881156,3.881156,3.690210,0.000000,0.190946
2026-01-20,7.424585,5.204896,5.140209,2.219689,2.284376
2026-01-21,8.345031,7.082792,7.914770,1.262239,0.430260
2026-01-22,3.824893,3.244807,3.237121,0.580086,0.587772
2026-01-23,4.133059,3.430856,3.785820,0.702203,0.347238
2026-01-24,0.394993,0.293637,0.349911,0.101356,0.045082
2026-01-25,3.668472,3.234318,3.159397,0.434154,0.509075
2026-01-26,4.857275,4.637565,4.389595,0.219710,0.467680
2026-01-27,3.657517,3.381102,3.552942,0.276416,0.104575
2026-01-28,4.506447,4.010786,4.361079,0.495661,0.145367
2026-01-29,6.193451,5.391518,5.262144,0.801932,0.931307
2026-01-30,13.811535,13.253671,13.398997,0.557864,0.412538
2026-01-31,22.452013,16.312621,22.452013,6.139392,0.000000
2026-02-01,12.403349,11.425353,12.078817,0.977996,0.324532
2026-02-02,21.836349,19.932472,18.542380,1.903878,3.293969
2026-02-03,16.225711,14.734248,14.630510,1.491463,1.595201
2026-02-04,20.520698,18.365485,18.435977,2.155214,2.084722
2026-02-05,50.447934,46.131325,45.893983,4.316609,4.553951
2026-02-06,44.376464,44.376464,44.325533,0.000000,0.050931
2026-02-07,16.608454,14.924151,15.624501,1.684304,0.983953
2026-02-08,10.138041,9.067085,9.311901,1.070956,0.826140
2026-02-09,13.410600,12.320015,11.365905,1.090585,2.044694
2026-02-10,10.539087,9.745499,9.597040,0.793588,0.942047
2026-02-11,14.069653,12.818596,12.307213,1.251056,1.762439
2026-02-12,11.022752,9.756666,9.646779,1.266085,1.375972
2026-02-13,9.309313,9.275840,9.309313,0.033474,0.000000
2026-02-14,3.788822,3.410894,3.319358,0.377928,0.469464
2026-02-15,6.073009,5.013029,5.126349,1.059981,0.946660
2026-02-16,6.504690,5.497511,5.175338,1.007179,1.329352
2026-02-17,8.203684,7.026450,6.970560,1.177233,1.233124
2026-02-18,7.086459,6.188638,5.780225,0.897821,1.306234
2026-02-19,6.027837,5.377121,5.543071,0.650716,0.484766
2026-02-20,9.841250,7.808814,7.761573,2.032437,2.079677
2026-02-21,1.737692,1.239859,1.264706,0.497833,0.472985
2026-02-22,1.407709,1.130944,1.215775,0.276765,0.191934
2026-02-23,9.661395,9.001763,8.910093,0.659633,0.751302
2026-02-24,10.422231,9.269697,9.568378,1.152534,0.853853
2026-02-25,12.325358,11.072672,11.259387,1.252686,1.065970
2026-02-26,9.016209,7.910356,7.742432,1.105853,1.273777
2026-02-27,7.861998,6.538723,6.290560,1.323275,1.571438
2026-02-28,11.750484,10.757017,10.618698,0.993466,1.131786
2026-03-01,12.253837,10.240751,9.335563,2.013086,2.918273
2026-03-02,13.050106,12.261468,12.400650,0.788638,0.649456
2026-03-03,12.542337,11.171567,11.093413,1.370770,1.448924
2026-03-04,13.911705,12.881899,12.903129,1.029806,1.008576
2026-03-05,9.518575,8.266361,8.395463,1.252213,1.123112
2026-03-06,7.817430,7.158298,6.695076,0.659131,1.122354
2026-03-07,2.321602,2.013106,1.905012,0.308496,0.416591
2026-03-08,6.549548,5.509128,5.715649,1.040420,0.833899
2026-03-09,10.209976,9.142734,8.969717,1.067243,1.240259
2026-03-10,10.815272,9.356060,9.619107,1.459212,1.196165
2026-03-11,8.197015,7.337588,6.747573,0.859428,1.449443
2026-03-12,6.388156,5.569943,5.644452,0.818212,0.743704
2026-03-13,8.611554,8.189174,7.719604,0.422380,0.891949
2026-03-14,1.658126,1.373070,1.280074,0.285056,0.378051
2026-03-15,3.559903,2.969977,3.065887,0.589926,0.494016
2026-03-16,8.237086,7.131902,7.688429,1.105184,0.548658
2026-03-17,6.985184,6.131864,6.029051,0.853321,0.956133
2026-03-18,5.440762,4.849252,4.613057,0.591509,0.827705
2026-03-19,6.840233,6.248303,6.206309,0.591929,0.633923
2026-03-20,6.232720,5.396580,5.222027,0.836140,1.010693
2026-03-21,1.733510,1.733510,1.666902,0.000000,0.066607
2026-03-22,4.899706,3.923908,3.569552,0.975798,1.330154
2026-03-23,14.253898,11.386784,13.475946,2.867115,0.777952
2026-03-24,6.212219,5.497330,5.643136,0.714889,0.569084
2026-03-25,4.983225,3.810586,4.063935,1.172639,0.919291
2026-03-26,5.381018,4.125265,3.917171,1.255753,1.463847
2026-03-27,5.621567,4.926610,4.751373,0.694957,0.870194
2026-03-28,2.006958,1.447539,1.509255,0.559420,0.497703
2026-03-29,3.593779,2.582317,2.534090,1.011462,1.059688
2026-03-30,6.220738,5.576098,5.206790,0.644640,1.013948
2026-03-31,7.950234,7.034159,7.089873,0.916075,0.860361
2026-04-01,4.948172,4.553069,4.721889,0.395103,0.226283
2026-04-02,5.744561,5.221849,5.206768,0.522712,0.537793
2026-04-03,1.778192,1.710503,1.625564,0.067689,0.152627
2026-04-04,0.600092,0.385206,0.431846,0.214886,0.168246
2026-04-05,2.199936,1.662776,1.719079,0.537160,0.480857
2026-04-06,4.710149,4.021728,3.860406,0.688421,0.849743
2026-04-07,7.468833,5.818214,6.313508,1.650619,1.155325
2026-04-08,4.590539,4.206544,4.339927,0.383995,0.250613
2026-04-09,5.538265,5.214811,4.944404,0.323455,0.593861
2026-04-10,3.778485,3.137062,3.096726,0.641423,0.681760
2026-04-11,1.668629,1.316789,1.319957,0.351840,0.348672
2026-04-12,3.732402,3.015320,2.889983,0.717082,0.842420
2026-04-13,5.662853,5.120142,5.062495,0.542710,0.600358
2026-04-14,4.994265,4.440058,4.477636,0.554206,0.516629
2026-04-15,4.393109,3.964401,3.757442,0.428708,0.635667
2026-04-16,4.976541,4.522932,4.501540,0.453608,0.475001
2026-04-17,6.455276,5.723966,5.978745,0.731309,0.476531
2026-04-18,2.005362,1.754963,1.732097,0.250399,0.273265
2026-04-19,3.836694,3.277958,3.283821,0.558736,0.552874
2026-04-20,5.271903,4.847184,4.881675,0.424718,0.390228
2026-04-21,4.769428,4.527219,4.504018,0.242209,0.265410
2026-04-22,4.404442,4.135978,4.215376,0.268464,0.189066
2026-04-23,4.680648,4.571614,4.514773,0.109034,0.165875
2026-04-24,2.837365,2.375620,2.526724,0.461745,0.310641
2026-04-25,0.496998,0.356340,0.409273,0.140659,0.087725
2026-04-26,2.132235,1.488838,1.570751,0.643398,0.561484
2026-04-27,3.403461,2.791543,2.605277,0.611918,0.798185
2026-04-28,1.921001,1.688724,1.737131,0.232277,0.183870
2026-04-29,3.540419,3.006698,2.988133,0.533721,0.552285
2026-04-30,2.611634,2.194604,2.067505,0.417031,0.544130
2026-05-01,2.736569,2.049890,2.122352,0.686679,0.614217
2026-05-02,1.122299,0.691469,0.614063,0.430831,0.508236
2026-05-03,1.187298,0.996600,1.009136,0.190698,0.178162
2026-05-04,6.079633,5.334174,5.740187,0.745459,0.339447
2026-05-05,2.763046,2.590349,2.518024,0.172696,0.245022
2026-05-06,2.759582,2.651527,2.672978,0.108056,0.086604
2026-05-07,2.437894,2.238727,2.254007,0.199167,0.183886
2026-05-08,2.365398,2.040651,1.863182,0.324747,0.502215
2026-05-09,0.611855,0.473175,0.454678,0.138680,0.157178
2026-05-10,2.091959,1.851336,1.842523,0.240623,0.249436
2026-05-11,2.815159,2.408589,2.425438,0.406570,0.389721
2026-05-12,1.951787,1.695156,1.705458,0.256631,0.246328
2026-05-13,1.854381,1.541605,1.561902,0.312776,0.292479
2026-05-14,3.075530,2.925380,2.840307,0.150149,0.235223
2026-05-15,2.965351,2.729190,2.755840,0.236161,0.209510
2026-05-16,1.191902,1.000582,1.045504,0.191320,0.146398
2026-05-17,2.358643,2.148144,2.358643,0.210499,0.000000
2026-05-18,4.456774,4.140828,4.069551,0.315945,0.387223
2026-05-19,2.341007,2.109591,1.989116,0.231416,0.351891
2026-05-20,2.672625,2.119157,2.020835,0.553468,0.651790
2026-05-21,2.811705,2.366577,2.270770,0.445128,0.540934
2026-05-22,2.679790,1.973656,1.795395,0.706133,0.884394
2026-05-23,3.432572,2.567471,2.305519,0.865102,1.127054
2026-05-24,2.232434,1.905933,2.005674,0.326501,0.226761
2026-05-25,1.470383,1.305083,1.328124,0.165300,0.142260
2026-05-26,3.189732,3.088040,2.991832,0.101692,0.197900
2026-05-27,2.889606,2.579222,2.478928,0.310384,0.410677
2026-05-28,4.494010,3.868437,4.014573,0.625573,0.479437
2026-05-29,3.226173,2.909337,2.887382,0.316837,0.338792
2026-05-30,0.731160,0.625663,0.659240,0.105497,0.071920
2026-05-31,1.119121,1.009424,0.989311,0.109697,0.129810
2026-06-01,4.236646,3.893968,3.650508,0.342678,0.586138
2026-06-02,8.367872,7.840051,8.287074,0.527821,0.080798
2026-06-03,10.696353,10.101786,9.836009,0.594566,0.860343
2026-06-04,19.178000,19.167976,18.522264,0.010025,0.655737
2026-06-05,27.373365,26.615404,25.329766,0.757960,2.043598
2026-06-06,9.495487,9.314474,8.882338,0.181013,0.613149
2026-06-07,12.160699,10.606270,9.470867,1.554428,2.689831
2026-06-08,9.161501,8.923466,8.662448,0.238035,0.499053
2026-06-09,7.579031,7.381588,6.697632,0.197443,0.881398
2026-06-10,9.350808,9.350808,9.350808,0.000000,0.000000
2026-06-11,6.310686,5.887104,5.801060,0.423582,0.509626
2026-06-12,4.349174,3.596309,3.453241,0.752866,0.895933
2026-06-13,1.313105,1.006374,0.969977,0.306731,0.343128
2026-06-14,3.335142,2.628854,2.458434,0.706288,0.876708
2026-06-15,3.447509,2.877916,3.003281,0.569593,0.444227
2026-06-16,3.909605,3.325020,3.323943,0.584585,0.585661
2026-06-17,7.818464,7.319555,7.189443,0.498909,0.629021
2026-06-18,4.820802,4.431832,4.512681,0.388969,0.308121
2026-06-19,3.416761,2.777809,2.783430,0.638951,0.633330
2026-06-20,2.259523,1.923283,1.894450,0.336240,0.365073
2026-06-21,2.003362,1.730676,1.641376,0.272686,0.361986
2026-06-22,4.968414,4.605434,4.677473,0.362980,0.290942
2026-06-23,4.036406,3.902323,3.986900,0.134083,0.049507
2026-06-24,8.376265,7.328405,7.668709,1.047860,0.707556
2026-06-25,13.429963,11.507807,11.514755,1.922156,1.915207
2026-06-26,11.939850,11.536958,11.357860,0.402892,0.581990
2026-06-27,2.121840,1.637474,1.668153,0.484366,0.453687
2026-06-28,3.281199,2.704739,2.544820,0.576460,0.736379
2026-06-29,8.212809,7.431491,7.579101,0.781318,0.633708
2026-06-30,5.086403,4.627675,4.616889,0.458729,0.469514
